tipe_transaksi                                                                                                                                                                                                                                                 ,id_akun             ,akun_nama                                                                                                                                                                                                                                                                                                                                                                                                                                                                                                                                                                                                                                                                                                                                                                                                                                                                                                                                                                                                                                                                                                                                                                                                                                                                                                                                                                                                                                                                                                                                                                                                                                                                                                                                                                                                                                                                                                                                                                                                                                                                       ,arah  ,total_debit                             ,total_kredit                            
---------------------------------------------------------------------------------------------------------------------------------------------------------------------------------------------------------------------------------------------------------------,--------------------,--------------------------------------------------------------------------------------------------------------------------------------------------------------------------------------------------------------------------------------------------------------------------------------------------------------------------------------------------------------------------------------------------------------------------------------------------------------------------------------------------------------------------------------------------------------------------------------------------------------------------------------------------------------------------------------------------------------------------------------------------------------------------------------------------------------------------------------------------------------------------------------------------------------------------------------------------------------------------------------------------------------------------------------------------------------------------------------------------------------------------------------------------------------------------------------------------------------------------------------------------------------------------------------------------------------------------------------------------------------------------------------------------------------------------------------------------------------------------------------------------------------------------------------------------------------------------------------------------------------------------------------------------------------------------------------------------------------------------------------------------------------------------------------------------------------------------------------------------------------------------------------------------------------------------------------------------------------------------------------------------------------------------------------------------------------------------------,------,----------------------------------------,----------------------------------------
NULL                                                                                                                                                                                                                                                           ,110.2               ,Kas Tunai                                                                                                                                                                                                                                                                                                                                                                                                                                                                                                                                                                                                                                                                                                                                                                                                                                                                                                                                                                                                                                                                                                                                                                                                                                                                                                                                                                                                                                                                                                                                                                                                                                                                                                                                                                                                                                                                                                                                                                                                                                                                       ,MIXED ,                            27869070.000,                           289119974.000
NULL                                                                                                                                                                                                                                                           ,110.8               ,Kas Bank                                                                                                                                                                                                                                                                                                                                                                                                                                                                                                                                                                                                                                                                                                                                                                                                                                                                                                                                                                                                                                                                                                                                                                                                                                                                                                                                                                                                                                                                                                                                                                                                                                                                                                                                                                                                                                                                                                                                                                                                                                                                        ,KREDIT,                                    .000,                           421799269.000
NULL                                                                                                                                                                                                                                                           ,125.2               ,Piutang Usaha PPJ                                                                                                                                                                                                                                                                                                                                                                                                                                                                                                                                                                                                                                                                                                                                                                                                                                                                                                                                                                                                                                                                                                                                                                                                                                                                                                                                                                                                                                                                                                                                                                                                                                                                                                                                                                                                                                                                                                                                                                                                                                                               ,KREDIT,                                    .000,                              437000.000
NULL                                                                                                                                                                                                                                                           ,510.10              ,Biaya Ongkos Kirim                                                                                                                                                                                                                                                                                                                                                                                                                                                                                                                                                                                                                                                                                                                                                                                                                                                                                                                                                                                                                                                                                                                                                                                                                                                                                                                                                                                                                                                                                                                                                                                                                                                                                                                                                                                                                                                                                                                                                                                                                                                              ,DEBIT ,                            10290000.000,                                    .000
NULL                                                                                                                                                                                                                                                           ,512.2               ,Biaya Entertainment                                                                                                                                                                                                                                                                                                                                                                                                                                                                                                                                                                                                                                                                                                                                                                                                                                                                                                                                                                                                                                                                                                                                                                                                                                                                                                                                                                                                                                                                                                                                                                                                                                                                                                                                                                                                                                                                                                                                                                                                                                                             ,DEBIT ,                              597774.000,                                    .000
NULL                                                                                                                                                                                                                                                           ,513.1               ,Biaya Ongkos Bongkar                                                                                                                                                                                                                                                                                                                                                                                                                                                                                                                                                                                                                                                                                                                                                                                                                                                                                                                                                                                                                                                                                                                                                                                                                                                                                                                                                                                                                                                                                                                                                                                                                                                                                                                                                                                                                                                                                                                                                                                                                                                            ,MIXED ,                            10942175.000,                              783675.000
NULL                                                                                                                                                                                                                                                           ,521.1               ,Biaya Gaji Karyawan - Bulanan                                                                                                                                                                                                                                                                                                                                                                                                                                                                                                                                                                                                                                                                                                                                                                                                                                                                                                                                                                                                                                                                                                                                                                                                                                                                                                                                                                                                                                                                                                                                                                                                                                                                                                                                                                                                                                                                                                                                                                                                                                                   ,MIXED ,                           410077647.000,                            11948223.000
NULL                                                                                                                                                                                                                                                           ,521.2               ,Biaya Gaji Karyawan - Mingguan                                                                                                                                                                                                                                                                                                                                                                                                                                                                                                                                                                                                                                                                                                                                                                                                                                                                                                                                                                                                                                                                                                                                                                                                                                                                                                                                                                                                                                                                                                                                                                                                                                                                                                                                                                                                                                                                                                                                                                                                                                                  ,DEBIT ,                            75304615.000,                                    .000
NULL                                                                                                                                                                                                                                                           ,521.4               ,Biaya Insentive                                                                                                                                                                                                                                                                                                                                                                                                                                                                                                                                                                                                                                                                                                                                                                                                                                                                                                                                                                                                                                                                                                                                                                                                                                                                                                                                                                                                                                                                                                                                                                                                                                                                                                                                                                                                                                                                                                                                                                                                                                                                 ,MIXED ,                            16916624.000,                             4522883.000
NULL                                                                                                                                                                                                                                                           ,521.5               ,Biaya OP kordinator Depo                                                                                                                                                                                                                                                                                                                                                                                                                                                                                                                                                                                                                                                                                                                                                                                                                                                                                                                                                                                                                                                                                                                                                                                                                                                                                                                                                                                                                                                                                                                                                                                                                                                                                                                                                                                                                                                                                                                                                                                                                                                        ,MIXED ,                            14134710.000,                             1003750.000
NULL                                                                                                                                                                                                                                                           ,530.10              ,Biaya Pembelian Perlengkapan                                                                                                                                                                                                                                                                                                                                                                                                                                                                                                                                                                                                                                                                                                                                                                                                                                                                                                                                                                                                                                                                                                                                                                                                                                                                                                                                                                                                                                                                                                                                                                                                                                                                                                                                                                                                                                                                                                                                                                                                                                                    ,MIXED ,                            38255160.000,                             5131250.000
NULL                                                                                                                                                                                                                                                           ,530.11              ,Biaya Percobaan                                                                                                                                                                                                                                                                                                                                                                                                                                                                                                                                                                                                                                                                                                                                                                                                                                                                                                                                                                                                                                                                                                                                                                                                                                                                                                                                                                                                                                                                                                                                                                                                                                                                                                                                                                                                                                                                                                                                                                                                                                                                 ,MIXED ,                                 250.000,                                 250.000
NULL                                                                                                                                                                                                                                                           ,530.12              ,Biaya Asuransi                                                                                                                                                                                                                                                                                                                                                                                                                                                                                                                                                                                                                                                                                                                                                                                                                                                                                                                                                                                                                                                                                                                                                                                                                                                                                                                                                                                                                                                                                                                                                                                                                                                                                                                                                                                                                                                                                                                                                                                                                                                                  ,DEBIT ,                             8015400.000,                                    .000
NULL                                                                                                                                                                                                                                                           ,530.3               ,Biaya Air PAM                                                                                                                                                                                                                                                                                                                                                                                                                                                                                                                                                                                                                                                                                                                                                                                                                                                                                                                                                                                                                                                                                                                                                                                                                                                                                                                                                                                                                                                                                                                                                                                                                                                                                                                                                                                                                                                                                                                                                                                                                                                                   ,MIXED ,                                 250.000,                                 250.000
NULL                                                                                                                                                                                                                                                           ,530.4               ,Biaya Listrik                                                                                                                                                                                                                                                                                                                                                                                                                                                                                                                                                                                                                                                                                                                                                                                                                                                                                                                                                                                                                                                                                                                                                                                                                                                                                                                                                                                                                                                                                                                                                                                                                                                                                                                                                                                                                                                                                                                                                                                                                                                                   ,DEBIT ,                             5802090.000,                                    .000
NULL                                                                                                                                                                                                                                                           ,530.8               ,Uang saku Droping                                                                                                                                                                                                                                                                                                                                                                                                                                                                                                                                                                                                                                                                                                                                                                                                                                                                                                                                                                                                                                                                                                                                                                                                                                                                                                                                                                                                                                                                                                                                                                                                                                                                                                                                                                                                                                                                                                                                                                                                                                                               ,DEBIT ,                              437000.000,                                    .000
NULL                                                                                                                                                                                                                                                           ,531.3               ,Biaya Pemeliharaan - Kendaraan                                                                                                                                                                                                                                                                                                                                                                                                                                                                                                                                                                                                                                                                                                                                                                                                                                                                                                                                                                                                                                                                                                                                                                                                                                                                                                                                                                                                                                                                                                                                                                                                                                                                                                                                                                                                                                                                                                                                                                                                                                                  ,DEBIT ,                             8136000.000,                                    .000
NULL                                                                                                                                                                                                                                                           ,531.5               ,Biaya Pemeliharaan - Inventaris Kantor                                                                                                                                                                                                                                                                                                                                                                                                                                                                                                                                                                                                                                                                                                                                                                                                                                                                                                                                                                                                                                                                                                                                                                                                                                                                                                                                                                                                                                                                                                                                                                                                                                                                                                                                                                                                                                                                                                                                                                                                                                          ,DEBIT ,                             1325000.000,                                    .000
NULL                                                                                                                                                                                                                                                           ,535.1               ,Biaya Droping Helper                                                                                                                                                                                                                                                                                                                                                                                                                                                                                                                                                                                                                                                                                                                                                                                                                                                                                                                                                                                                                                                                                                                                                                                                                                                                                                                                                                                                                                                                                                                                                                                                                                                                                                                                                                                                                                                                                                                                                                                                                                                            ,MIXED ,                            28604100.000,                             2571000.000
NULL                                                                                                                                                                                                                                                           ,536.1               ,Biaya Konsultan Pajak                                                                                                                                                                                                                                                                                                                                                                                                                                                                                                                                                                                                                                                                                                                                                                                                                                                                                                                                                                                                                                                                                                                                                                                                                                                                                                                                                                                                                                                                                                                                                                                                                                                                                                                                                                                                                                                                                                                                                                                                                                                           ,DEBIT ,                             3600000.000,                                    .000
NULL                                                                                                                                                                                                                                                           ,536.2               ,Insentive                                                                                                                                                                                                                                                                                                                                                                                                                                                                                                                                                                                                                                                                                                                                                                                                                                                                                                                                                                                                                                                                                                                                                                                                                                                                                                                                                                                                                                                                                                                                                                                                                                                                                                                                                                                                                                                                                                                                                                                                                                                                       ,MIXED ,                             4397873.000,                              295000.000
NULL                                                                                                                                                                                                                                                           ,537.1               ,Biaya Listrik dan Air (PAM)                                                                                                                                                                                                                                                                                                                                                                                                                                                                                                                                                                                                                                                                                                                                                                                                                                                                                                                                                                                                                                                                                                                                                                                                                                                                                                                                                                                                                                                                                                                                                                                                                                                                                                                                                                                                                                                                                                                                                                                                                                                     ,MIXED ,                            15334624.000,                              503500.000
NULL                                                                                                                                                                                                                                                           ,537.2               ,Biaya Telephone dan Pulsa                                                                                                                                                                                                                                                                                                                                                                                                                                                                                                                                                                                                                                                                                                                                                                                                                                                                                                                                                                                                                                                                                                                                                                                                                                                                                                                                                                                                                                                                                                                                                                                                                                                                                                                                                                                                                                                                                                                                                                                                                                                       ,MIXED ,                              846704.000,                              282102.000
NULL                                                                                                                                                                                                                                                           ,537.3               ,Biaya Internet dan Domain                                                                                                                                                                                                                                                                                                                                                                                                                                                                                                                                                                                                                                                                                                                                                                                                                                                                                                                                                                                                                                                                                                                                                                                                                                                                                                                                                                                                                                                                                                                                                                                                                                                                                                                                                                                                                                                                                                                                                                                                                                                       ,MIXED ,                             3868052.000,                              333780.000
NULL                                                                                                                                                                                                                                                           ,540.2               ,Biaya BBM & Tol                                                                                                                                                                                                                                                                                                                                                                                                                                                                                                                                                                                                                                                                                                                                                                                                                                                                                                                                                                                                                                                                                                                                                                                                                                                                                                                                                                                                                                                                                                                                                                                                                                                                                                                                                                                                                                                                                                                                                                                                                                                                 ,MIXED ,                            29298042.000,                               42725.000
NULL                                                                                                                                                                                                                                                           ,570.1               ,Biaya Pajak & Denda Pajak                                                                                                                                                                                                                                                                                                                                                                                                                                                                                                                                                                                                                                                                                                                                                                                                                                                                                                                                                                                                                                                                                                                                                                                                                                                                                                                                                                                                                                                                                                                                                                                                                                                                                                                                                                                                                                                                                                                                                                                                                                                       ,DEBIT ,                            10261368.000,                                    .000
NULL                                                                                                                                                                                                                                                           ,570.3               ,PPH 25                                                                                                                                                                                                                                                                                                                                                                                                                                                                                                                                                                                                                                                                                                                                                                                                                                                                                                                                                                                                                                                                                                                                                                                                                                                                                                                                                                                                                                                                                                                                                                                                                                                                                                                                                                                                                                                                                                                                                                                                                                                                          ,DEBIT ,                            11251203.000,                                    .000
NULL                                                                                                                                                                                                                                                           ,580.1               ,Biaya Lain-Lain                                                                                                                                                                                                                                                                                                                                                                                                                                                                                                                                                                                                                                                                                                                                                                                                                                                                                                                                                                                                                                                                                                                                                                                                                                                                                                                                                                                                                                                                                                                                                                                                                                                                                                                                                                                                                                                                                                                                                                                                                                                                 ,MIXED ,                             3659582.000,                              450682.000
BATAL PEMBAYARAN                                                                                                                                                                                                                                               ,110.1               ,Deposit Customer                                                                                                                                                                                                                                                                                                                                                                                                                                                                                                                                                                                                                                                                                                                                                                                                                                                                                                                                                                                                                                                                                                                                                                                                                                                                                                                                                                                                                                                                                                                                                                                                                                                                                                                                                                                                                                                                                                                                                                                                                                                                ,KREDIT,                                    .000,                            40999705.000
BATAL PEMBAYARAN                                                                                                                                                                                                                                               ,110.2               ,Kas Tunai                                                                                                                                                                                                                                                                                                                                                                                                                                                                                                                                                                                                                                                                                                                                                                                                                                                                                                                                                                                                                                                                                                                                                                                                                                                                                                                                                                                                                                                                                                                                                                                                                                                                                                                                                                                                                                                                                                                                                                                                                                                                       ,KREDIT,                                    .000,                           183749075.000
BATAL PEMBAYARAN                                                                                                                                                                                                                                               ,110.8               ,Kas Bank                                                                                                                                                                                                                                                                                                                                                                                                                                                                                                                                                                                                                                                                                                                                                                                                                                                                                                                                                                                                                                                                                                                                                                                                                                                                                                                                                                                                                                                                                                                                                                                                                                                                                                                                                                                                                                                                                                                                                                                                                                                                        ,KREDIT,                                    .000,                            27686680.000
BATAL PEMBAYARAN                                                                                                                                                                                                                                               ,125.2               ,Piutang Usaha PPJ                                                                                                                                                                                                                                                                                                                                                                                                                                                                                                                                                                                                                                                                                                                                                                                                                                                                                                                                                                                                                                                                                                                                                                                                                                                                                                                                                                                                                                                                                                                                                                                                                                                                                                                                                                                                                                                                                                                                                                                                                                                               ,DEBIT ,                           252435460.000,                                    .000
BATAL PEMBAYARAN TAGIHAN SUPPLIER                                                                                                                                                                                                                              ,110.2               ,Kas Tunai                                                                                                                                                                                                                                                                                                                                                                                                                                                                                                                                                                                                                                                                                                                                                                                                                                                                                                                                                                                                                                                                                                                                                                                                                                                                                                                                                                                                                                                                                                                                                                                                                                                                                                                                                                                                                                                                                                                                                                                                                                                                       ,DEBIT ,                         19440978731.616,                                    .000
BATAL PEMBAYARAN TAGIHAN SUPPLIER                                                                                                                                                                                                                              ,110.8               ,Kas Bank                                                                                                                                                                                                                                                                                                                                                                                                                                                                                                                                                                                                                                                                                                                                                                                                                                                                                                                                                                                                                                                                                                                                                                                                                                                                                                                                                                                                                                                                                                                                                                                                                                                                                                                                                                                                                                                                                                                                                                                                                                                                        ,DEBIT ,                           498822112.991,                                    .000
BATAL PEMBAYARAN TAGIHAN SUPPLIER                                                                                                                                                                                                                              ,-1107               ,NULL                                                                                                                                                                                                                                                                                                                                                                                                                                                                                                                                                                                                                                                                                                                                                                                                                                                                                                                                                                                                                                                                                                                                                                                                                                                                                                                                                                                                                                                                                                                                                                                                                                                                                                                                                                                                                                                                                                                                                                                                                                                                            ,DEBIT ,                           185412231.818,                                    .000
BATAL PEMBAYARAN TAGIHAN SUPPLIER                                                                                                                                                                                                                              ,152.1               ,PPN Masukan POS                                                                                                                                                                                                                                                                                                                                                                                                                                                                                                                                                                                                                                                                                                                                                                                                                                                                                                                                                                                                                                                                                                                                                                                                                                                                                                                                                                                                                                                                                                                                                                                                                                                                                                                                                                                                                                                                                                                                                                                                                                                                 ,KREDIT,                                    .000,                           868584291.930
BATAL PEMBAYARAN TAGIHAN SUPPLIER                                                                                                                                                                                                                              ,153                 ,Deposit Ke Supplier                                                                                                                                                                                                                                                                                                                                                                                                                                                                                                                                                                                                                                                                                                                                                                                                                                                                                                                                                                                                                                                                                                                                                                                                                                                                                                                                                                                                                                                                                                                                                                                                                                                                                                                                                                                                                                                                                                                                                                                                                                                             ,DEBIT ,                             1007318.179,                                    .000
BATAL PEMBAYARAN TAGIHAN SUPPLIER                                                                                                                                                                                                                              ,153.1               ,Deposit Ke Supplier PPJ                                                                                                                                                                                                                                                                                                                                                                                                                                                                                                                                                                                                                                                                                                                                                                                                                                                                                                                                                                                                                                                                                                                                                                                                                                                                                                                                                                                                                                                                                                                                                                                                                                                                                                                                                                                                                                                                                                                                                                                                                                                         ,DEBIT ,                           192982014.884,                                    .000
BATAL PEMBAYARAN TAGIHAN SUPPLIER                                                                                                                                                                                                                              ,250.4               ,Hutang Usaha PPJ                                                                                                                                                                                                                                                                                                                                                                                                                                                                                                                                                                                                                                                                                                                                                                                                                                                                                                                                                                                                                                                                                                                                                                                                                                                                                                                                                                                                                                                                                                                                                                                                                                                                                                                                                                                                                                                                                                                                                                                                                                                                ,KREDIT,                                    .000,                         19450618117.558
BATAL PEMINDAHAN BARANG                                                                                                                                                                                                                                        ,112.2               ,Persediaan Barang PPJ                                                                                                                                                                                                                                                                                                                                                                                                                                                                                                                                                                                                                                                                                                                                                                                                                                                                                                                                                                                                                                                                                                                                                                                                                                                                                                                                                                                                                                                                                                                                                                                                                                                                                                                                                                                                                                                                                                                                                                                                                                                           ,MIXED ,                         78694858272.270,                            80850663.000
BATAL PEMINDAHAN BARANG                                                                                                                                                                                                                                        ,501.2               ,HPP PPJ                                                                                                                                                                                                                                                                                                                                                                                                                                                                                                                                                                                                                                                                                                                                                                                                                                                                                                                                                                                                                                                                                                                                                                                                                                                                                                                                                                                                                                                                                                                                                                                                                                                                                                                                                                                                                                                                                                                                                                                                                                                                         ,MIXED ,                            80850663.000,                         78694858272.270
BATAL PENERIMAAN PEMINDAHAN                                                                                                                                                                                                                                    ,112.2               ,Persediaan Barang PPJ                                                                                                                                                                                                                                                                                                                                                                                                                                                                                                                                                                                                                                                                                                                                                                                                                                                                                                                                                                                                                                                                                                                                                                                                                                                                                                                                                                                                                                                                                                                                                                                                                                                                                                                                                                                                                                                                                                                                                                                                                                                           ,KREDIT,                                    .000,                           277334946.620
BATAL PENERIMAAN PEMINDAHAN                                                                                                                                                                                                                                    ,501.2               ,HPP PPJ                                                                                                                                                                                                                                                                                                                                                                                                                                                                                                                                                                                                                                                                                                                                                                                                                                                                                                                                                                                                                                                                                                                                                                                                                                                                                                                                                                                                                                                                                                                                                                                                                                                                                                                                                                                                                                                                                                                                                                                                                                                                         ,DEBIT ,                           277334946.620,                                    .000
BATAL PENERIMAAN PENGADAAN                                                                                                                                                                                                                                     ,112.2               ,Persediaan Barang PPJ                                                                                                                                                                                                                                                                                                                                                                                                                                                                                                                                                                                                                                                                                                                                                                                                                                                                                                                                                                                                                                                                                                                                                                                                                                                                                                                                                                                                                                                                                                                                                                                                                                                                                                                                                                                                                                                                                                                                                                                                                                                           ,MIXED ,                            21965904.000,                         66005772172.880
BATAL PENERIMAAN PENGADAAN                                                                                                                                                                                                                                     ,250.4               ,Hutang Usaha PPJ                                                                                                                                                                                                                                                                                                                                                                                                                                                                                                                                                                                                                                                                                                                                                                                                                                                                                                                                                                                                                                                                                                                                                                                                                                                                                                                                                                                                                                                                                                                                                                                                                                                                                                                                                                                                                                                                                                                                                                                                                                                                ,MIXED ,                         66005772172.880,                            21965904.000
BATAL PENJUALAN GROSIR                                                                                                                                                                                                                                         ,110.2               ,Kas Tunai                                                                                                                                                                                                                                                                                                                                                                                                                                                                                                                                                                                                                                                                                                                                                                                                                                                                                                                                                                                                                                                                                                                                                                                                                                                                                                                                                                                                                                                                                                                                                                                                                                                                                                                                                                                                                                                                                                                                                                                                                                                                       ,KREDIT,                                    .000,                           148113307.000
BATAL PENJUALAN GROSIR                                                                                                                                                                                                                                         ,112.2               ,Persediaan Barang PPJ                                                                                                                                                                                                                                                                                                                                                                                                                                                                                                                                                                                                                                                                                                                                                                                                                                                                                                                                                                                                                                                                                                                                                                                                                                                                                                                                                                                                                                                                                                                                                                                                                                                                                                                                                                                                                                                                                                                                                                                                                                                           ,MIXED ,                          9469383775.200,                             4168754.360
BATAL PENJUALAN GROSIR                                                                                                                                                                                                                                         ,125.2               ,Piutang Usaha PPJ                                                                                                                                                                                                                                                                                                                                                                                                                                                                                                                                                                                                                                                                                                                                                                                                                                                                                                                                                                                                                                                                                                                                                                                                                                                                                                                                                                                                                                                                                                                                                                                                                                                                                                                                                                                                                                                                                                                                                                                                                                                               ,ZERO  ,                            -2998503.000,                          9868138496.938
BATAL PENJUALAN GROSIR                                                                                                                                                                                                                                         ,280.1               ,PPN Keluaran PPJ                                                                                                                                                                                                                                                                                                                                                                                                                                                                                                                                                                                                                                                                                                                                                                                                                                                                                                                                                                                                                                                                                                                                                                                                                                                                                                                                                                                                                                                                                                                                                                                                                                                                                                                                                                                                                                                                                                                                                                                                                                                                ,DEBIT ,                            38691050.411,                                    .000
BATAL PENJUALAN GROSIR                                                                                                                                                                                                                                         ,401.2               ,Penjualan                                                                                                                                                                                                                                                                                                                                                                                                                                                                                                                                                                                                                                                                                                                                                                                                                                                                                                                                                                                                                                                                                                                                                                                                                                                                                                                                                                                                                                                                                                                                                                                                                                                                                                                                                                                                                                                                                                                                                                                                                                                                       ,MIXED ,                         10079074852.477,                             4498433.000
BATAL PENJUALAN GROSIR                                                                                                                                                                                                                                         ,405.3               ,Potongan Penjualan                                                                                                                                                                                                                                                                                                                                                                                                                                                                                                                                                                                                                                                                                                                                                                                                                                                                                                                                                                                                                                                                                                                                                                                                                                                                                                                                                                                                                                                                                                                                                                                                                                                                                                                                                                                                                                                                                                                                                                                                                                                              ,MIXED ,                                8786.000,                            94025948.950
BATAL PENJUALAN GROSIR                                                                                                                                                                                                                                         ,405.4               ,Pendapatan Diskon Pembelian Per Nota                                                                                                                                                                                                                                                                                                                                                                                                                                                                                                                                                                                                                                                                                                                                                                                                                                                                                                                                                                                                                                                                                                                                                                                                                                                                                                                                                                                                                                                                                                                                                                                                                                                                                                                                                                                                                                                                                                                                                                                                                                            ,ZERO  ,                                    .000,                                    .000
BATAL PENJUALAN GROSIR                                                                                                                                                                                                                                         ,501.2               ,HPP PPJ                                                                                                                                                                                                                                                                                                                                                                                                                                                                                                                                                                                                                                                                                                                                                                                                                                                                                                                                                                                                                                                                                                                                                                                                                                                                                                                                                                                                                                                                                                                                                                                                                                                                                                                                                                                                                                                                                                                                                                                                                                                                         ,MIXED ,                             4168754.360,                          9469383775.200
BATAL PENUKARAN KUPON CUSTOMER (TUNAI)                                                                                                                                                                                                                         ,110.2               ,Kas Tunai                                                                                                                                                                                                                                                                                                                                                                                                                                                                                                                                                                                                                                                                                                                                                                                                                                                                                                                                                                                                                                                                                                                                                                                                                                                                                                                                                                                                                                                                                                                                                                                                                                                                                                                                                                                                                                                                                                                                                                                                                                                                       ,MIXED ,                              344000.000,                              344000.000
BATAL PENUKARAN KUPON CUSTOMER (TUNAI)                                                                                                                                                                                                                         ,125.3               ,Piutang Kupon                                                                                                                                                                                                                                                                                                                                                                                                                                                                                                                                                                                                                                                                                                                                                                                                                                                                                                                                                                                                                                                                                                                                                                                                                                                                                                                                                                                                                                                                                                                                                                                                                                                                                                                                                                                                                                                                                                                                                                                                                                                                   ,MIXED ,                              344000.000,                              344000.000
BATAL PENUKARAN KUPON SUPPLIER (TUNAI)                                                                                                                                                                                                                         ,110.2               ,Kas Tunai                                                                                                                                                                                                                                                                                                                                                                                                                                                                                                                                                                                                                                                                                                                                                                                                                                                                                                                                                                                                                                                                                                                                                                                                                                                                                                                                                                                                                                                                                                                                                                                                                                                                                                                                                                                                                                                                                                                                                                                                                                                                       ,MIXED ,                              688000.000,                              688000.000
BATAL PENUKARAN KUPON SUPPLIER (TUNAI)                                                                                                                                                                                                                         ,125.3               ,Piutang Kupon                                                                                                                                                                                                                                                                                                                                                                                                                                                                                                                                                                                                                                                                                                                                                                                                                                                                                                                                                                                                                                                                                                                                                                                                                                                                                                                                                                                                                                                                                                                                                                                                                                                                                                                                                                                                                                                                                                                                                                                                                                                                   ,MIXED ,                              688000.000,                              688000.000
BATAL RETUR CUSTOMER                                                                                                                                                                                                                                           ,110.2               ,Kas Tunai                                                                                                                                                                                                                                                                                                                                                                                                                                                                                                                                                                                                                                                                                                                                                                                                                                                                                                                                                                                                                                                                                                                                                                                                                                                                                                                                                                                                                                                                                                                                                                                                                                                                                                                                                                                                                                                                                                                                                                                                                                                                       ,DEBIT ,                             3889199.990,                                    .000
BATAL RETUR CUSTOMER                                                                                                                                                                                                                                           ,112.2               ,Persediaan Barang PPJ                                                                                                                                                                                                                                                                                                                                                                                                                                                                                                                                                                                                                                                                                                                                                                                                                                                                                                                                                                                                                                                                                                                                                                                                                                                                                                                                                                                                                                                                                                                                                                                                                                                                                                                                                                                                                                                                                                                                                                                                                                                           ,KREDIT,                                    .000,                           114452729.373
BATAL RETUR CUSTOMER                                                                                                                                                                                                                                           ,250.5               ,Retur Penjualan                                                                                                                                                                                                                                                                                                                                                                                                                                                                                                                                                                                                                                                                                                                                                                                                                                                                                                                                                                                                                                                                                                                                                                                                                                                                                                                                                                                                                                                                                                                                                                                                                                                                                                                                                                                                                                                                                                                                                                                                                                                                 ,DEBIT ,                           122869382.870,                                    .000
BATAL RETUR CUSTOMER                                                                                                                                                                                                                                           ,280.1               ,PPN Keluaran PPJ                                                                                                                                                                                                                                                                                                                                                                                                                                                                                                                                                                                                                                                                                                                                                                                                                                                                                                                                                                                                                                                                                                                                                                                                                                                                                                                                                                                                                                                                                                                                                                                                                                                                                                                                                                                                                                                                                                                                                                                                                                                                ,KREDIT,                                    .000,                            12305853.260
BATAL RETUR SUPPLIER                                                                                                                                                                                                                                           ,112.2               ,Persediaan Barang PPJ                                                                                                                                                                                                                                                                                                                                                                                                                                                                                                                                                                                                                                                                                                                                                                                                                                                                                                                                                                                                                                                                                                                                                                                                                                                                                                                                                                                                                                                                                                                                                                                                                                                                                                                                                                                                                                                                                                                                                                                                                                                           ,DEBIT ,                           641318461.560,                                    .000
BATAL RETUR SUPPLIER                                                                                                                                                                                                                                           ,152.1               ,PPN Masukan POS                                                                                                                                                                                                                                                                                                                                                                                                                                                                                                                                                                                                                                                                                                                                                                                                                                                                                                                                                                                                                                                                                                                                                                                                                                                                                                                                                                                                                                                                                                                                                                                                                                                                                                                                                                                                                                                                                                                                                                                                                                                                 ,DEBIT ,                            62642934.040,                                    .000
BATAL RETUR SUPPLIER                                                                                                                                                                                                                                           ,153.1               ,Deposit Ke Supplier PPJ                                                                                                                                                                                                                                                                                                                                                                                                                                                                                                                                                                                                                                                                                                                                                                                                                                                                                                                                                                                                                                                                                                                                                                                                                                                                                                                                                                                                                                                                                                                                                                                                                                                                                                                                                                                                                                                                                                                                                                                                                                                         ,KREDIT,                                    .000,                           698096259.474
BATAL RETUR SUPPLIER                                                                                                                                                                                                                                           ,250.4               ,Hutang Usaha PPJ                                                                                                                                                                                                                                                                                                                                                                                                                                                                                                                                                                                                                                                                                                                                                                                                                                                                                                                                                                                                                                                                                                                                                                                                                                                                                                                                                                                                                                                                                                                                                                                                                                                                                                                                                                                                                                                                                                                                                                                                                                                                ,KREDIT,                                    .000,                             5865136.126
PEMBAYARAN TAGIHAN CUSTOMER                                                                                                                                                                                                                                    ,110.1               ,Deposit Customer                                                                                                                                                                                                                                                                                                                                                                                                                                                                                                                                                                                                                                                                                                                                                                                                                                                                                                                                                                                                                                                                                                                                                                                                                                                                                                                                                                                                                                                                                                                                                                                                                                                                                                                                                                                                                                                                                                                                                                                                                                                                ,DEBIT ,                          2732590270.000,                                    .000
PEMBAYARAN TAGIHAN CUSTOMER                                                                                                                                                                                                                                    ,110.2               ,Kas Tunai                                                                                                                                                                                                                                                                                                                                                                                                                                                                                                                                                                                                                                                                                                                                                                                                                                                                                                                                                                                                                                                                                                                                                                                                                                                                                                                                                                                                                                                                                                                                                                                                                                                                                                                                                                                                                                                                                                                                                                                                                                                                       ,DEBIT ,                         89898212284.720,                                    .000
PEMBAYARAN TAGIHAN CUSTOMER                                                                                                                                                                                                                                    ,110.8               ,Kas Bank                                                                                                                                                                                                                                                                                                                                                                                                                                                                                                                                                                                                                                                                                                                                                                                                                                                                                                                                                                                                                                                                                                                                                                                                                                                                                                                                                                                                                                                                                                                                                                                                                                                                                                                                                                                                                                                                                                                                                                                                                                                                        ,DEBIT ,                          3909171990.000,                                    .000
PEMBAYARAN TAGIHAN CUSTOMER                                                                                                                                                                                                                                    ,125.2               ,Piutang Usaha PPJ                                                                                                                                                                                                                                                                                                                                                                                                                                                                                                                                                                                                                                                                                                                                                                                                                                                                                                                                                                                                                                                                                                                                                                                                                                                                                                                                                                                                                                                                                                                                                                                                                                                                                                                                                                                                                                                                                                                                                                                                                                                               ,KREDIT,                                    .000,                         96539974544.720
PEMBAYARAN TAGIHAN SUPPLIER                                                                                                                                                                                                                                    ,110.2               ,Kas Tunai                                                                                                                                                                                                                                                                                                                                                                                                                                                                                                                                                                                                                                                                                                                                                                                                                                                                                                                                                                                                                                                                                                                                                                                                                                                                                                                                                                                                                                                                                                                                                                                                                                                                                                                                                                                                                                                                                                                                                                                                                                                                       ,KREDIT,                                    .000,                       1086650898832.448
PEMBAYARAN TAGIHAN SUPPLIER                                                                                                                                                                                                                                    ,110.8               ,Kas Bank                                                                                                                                                                                                                                                                                                                                                                                                                                                                                                                                                                                                                                                                                                                                                                                                                                                                                                                                                                                                                                                                                                                                                                                                                                                                                                                                                                                                                                                                                                                                                                                                                                                                                                                                                                                                                                                                                                                                                                                                                                                                        ,KREDIT,                                    .000,                         12342302364.449
PEMBAYARAN TAGIHAN SUPPLIER                                                                                                                                                                                                                                    ,-1107               ,NULL                                                                                                                                                                                                                                                                                                                                                                                                                                                                                                                                                                                                                                                                                                                                                                                                                                                                                                                                                                                                                                                                                                                                                                                                                                                                                                                                                                                                                                                                                                                                                                                                                                                                                                                                                                                                                                                                                                                                                                                                                                                                            ,KREDIT,                                    .000,                           833594588.631
PEMBAYARAN TAGIHAN SUPPLIER                                                                                                                                                                                                                                    ,152.1               ,PPN Masukan POS                                                                                                                                                                                                                                                                                                                                                                                                                                                                                                                                                                                                                                                                                                                                                                                                                                                                                                                                                                                                                                                                                                                                                                                                                                                                                                                                                                                                                                                                                                                                                                                                                                                                                                                                                                                                                                                                                                                                                                                                                                                                 ,DEBIT ,                         32003782133.643,                                    .000
PEMBAYARAN TAGIHAN SUPPLIER                                                                                                                                                                                                                                    ,153                 ,Deposit Ke Supplier                                                                                                                                                                                                                                                                                                                                                                                                                                                                                                                                                                                                                                                                                                                                                                                                                                                                                                                                                                                                                                                                                                                                                                                                                                                                                                                                                                                                                                                                                                                                                                                                                                                                                                                                                                                                                                                                                                                                                                                                                                                             ,KREDIT,                                    .000,                            20392920.625
PEMBAYARAN TAGIHAN SUPPLIER                                                                                                                                                                                                                                    ,153.1               ,Deposit Ke Supplier PPJ                                                                                                                                                                                                                                                                                                                                                                                                                                                                                                                                                                                                                                                                                                                                                                                                                                                                                                                                                                                                                                                                                                                                                                                                                                                                                                                                                                                                                                                                                                                                                                                                                                                                                                                                                                                                                                                                                                                                                                                                                                                         ,KREDIT,                                    .000,                          7865159637.603
PEMBAYARAN TAGIHAN SUPPLIER                                                                                                                                                                                                                                    ,250.4               ,Hutang Usaha PPJ                                                                                                                                                                                                                                                                                                                                                                                                                                                                                                                                                                                                                                                                                                                                                                                                                                                                                                                                                                                                                                                                                                                                                                                                                                                                                                                                                                                                                                                                                                                                                                                                                                                                                                                                                                                                                                                                                                                                                                                                                                                                ,DEBIT ,                       1075708566210.113,                                    .000
PEMINDAHAN BARANG                                                                                                                                                                                                                                              ,112.2               ,Persediaan Barang PPJ                                                                                                                                                                                                                                                                                                                                                                                                                                                                                                                                                                                                                                                                                                                                                                                                                                                                                                                                                                                                                                                                                                                                                                                                                                                                                                                                                                                                                                                                                                                                                                                                                                                                                                                                                                                                                                                                                                                                                                                                                                                           ,KREDIT,                                    .000,                       1111593875176.800
PEMINDAHAN BARANG                                                                                                                                                                                                                                              ,501.2               ,HPP PPJ                                                                                                                                                                                                                                                                                                                                                                                                                                                                                                                                                                                                                                                                                                                                                                                                                                                                                                                                                                                                                                                                                                                                                                                                                                                                                                                                                                                                                                                                                                                                                                                                                                                                                                                                                                                                                                                                                                                                                                                                                                                                         ,DEBIT ,                       1111593875176.800,                                    .000
PENERIMAAN PEMINDAHAN                                                                                                                                                                                                                                          ,112.2               ,Persediaan Barang PPJ                                                                                                                                                                                                                                                                                                                                                                                                                                                                                                                                                                                                                                                                                                                                                                                                                                                                                                                                                                                                                                                                                                                                                                                                                                                                                                                                                                                                                                                                                                                                                                                                                                                                                                                                                                                                                                                                                                                                                                                                                                                           ,DEBIT ,                         31644157426.440,                                    .000
PENERIMAAN PEMINDAHAN                                                                                                                                                                                                                                          ,501.2               ,HPP PPJ                                                                                                                                                                                                                                                                                                                                                                                                                                                                                                                                                                                                                                                                                                                                                                                                                                                                                                                                                                                                                                                                                                                                                                                                                                                                                                                                                                                                                                                                                                                                                                                                                                                                                                                                                                                                                                                                                                                                                                                                                                                                         ,KREDIT,                                    .000,                         31644157426.440
PENERIMAAN PENGADAAN                                                                                                                                                                                                                                           ,112.2               ,Persediaan Barang PPJ                                                                                                                                                                                                                                                                                                                                                                                                                                                                                                                                                                                                                                                                                                                                                                                                                                                                                                                                                                                                                                                                                                                                                                                                                                                                                                                                                                                                                                                                                                                                                                                                                                                                                                                                                                                                                                                                                                                                                                                                                                                           ,DEBIT ,                       1164898405362.180,                                    .000
PENERIMAAN PENGADAAN                                                                                                                                                                                                                                           ,250.4               ,Hutang Usaha PPJ                                                                                                                                                                                                                                                                                                                                                                                                                                                                                                                                                                                                                                                                                                                                                                                                                                                                                                                                                                                                                                                                                                                                                                                                                                                                                                                                                                                                                                                                                                                                                                                                                                                                                                                                                                                                                                                                                                                                                                                                                                                                ,KREDIT,                                    .000,                       1164898405362.180
PENJUALAN PIUTANG                                                                                                                                                                                                                                              ,112.2               ,Persediaan Barang PPJ                                                                                                                                                                                                                                                                                                                                                                                                                                                                                                                                                                                                                                                                                                                                                                                                                                                                                                                                                                                                                                                                                                                                                                                                                                                                                                                                                                                                                                                                                                                                                                                                                                                                                                                                                                                                                                                                                                                                                                                                                                                           ,KREDIT,                                    .000,                        100839173004.380
PENJUALAN PIUTANG                                                                                                                                                                                                                                              ,125.2               ,Piutang Usaha PPJ                                                                                                                                                                                                                                                                                                                                                                                                                                                                                                                                                                                                                                                                                                                                                                                                                                                                                                                                                                                                                                                                                                                                                                                                                                                                                                                                                                                                                                                                                                                                                                                                                                                                                                                                                                                                                                                                                                                                                                                                                                                               ,MIXED ,                        107398860929.582,                           179898497.000
PENJUALAN PIUTANG                                                                                                                                                                                                                                              ,280.1               ,PPN Keluaran PPJ                                                                                                                                                                                                                                                                                                                                                                                                                                                                                                                                                                                                                                                                                                                                                                                                                                                                                                                                                                                                                                                                                                                                                                                                                                                                                                                                                                                                                                                                                                                                                                                                                                                                                                                                                                                                                                                                                                                                                                                                                                                                ,KREDIT,                                    .000,                           787926964.747
PENJUALAN PIUTANG                                                                                                                                                                                                                                              ,401.2               ,Penjualan                                                                                                                                                                                                                                                                                                                                                                                                                                                                                                                                                                                                                                                                                                                                                                                                                                                                                                                                                                                                                                                                                                                                                                                                                                                                                                                                                                                                                                                                                                                                                                                                                                                                                                                                                                                                                                                                                                                                                                                                                                                                       ,KREDIT,                                    .000,                        108186301571.825
PENJUALAN PIUTANG                                                                                                                                                                                                                                              ,405.3               ,Potongan Penjualan                                                                                                                                                                                                                                                                                                                                                                                                                                                                                                                                                                                                                                                                                                                                                                                                                                                                                                                                                                                                                                                                                                                                                                                                                                                                                                                                                                                                                                                                                                                                                                                                                                                                                                                                                                                                                                                                                                                                                                                                                                                              ,DEBIT ,                          1755266103.990,                                    .000
PENJUALAN PIUTANG                                                                                                                                                                                                                                              ,405.4               ,Pendapatan Diskon Pembelian Per Nota                                                                                                                                                                                                                                                                                                                                                                                                                                                                                                                                                                                                                                                                                                                                                                                                                                                                                                                                                                                                                                                                                                                                                                                                                                                                                                                                                                                                                                                                                                                                                                                                                                                                                                                                                                                                                                                                                                                                                                                                                                            ,ZERO  ,                                    .000,                                    .000
PENJUALAN PIUTANG                                                                                                                                                                                                                                              ,501.2               ,HPP PPJ                                                                                                                                                                                                                                                                                                                                                                                                                                                                                                                                                                                                                                                                                                                                                                                                                                                                                                                                                                                                                                                                                                                                                                                                                                                                                                                                                                                                                                                                                                                                                                                                                                                                                                                                                                                                                                                                                                                                                                                                                                                                         ,DEBIT ,                        100839173004.380,                                    .000
PENJUALAN TUNAI                                                                                                                                                                                                                                                ,110.2               ,Kas Tunai                                                                                                                                                                                                                                                                                                                                                                                                                                                                                                                                                                                                                                                                                                                                                                                                                                                                                                                                                                                                                                                                                                                                                                                                                                                                                                                                                                                                                                                                                                                                                                                                                                                                                                                                                                                                                                                                                                                                                                                                                                                                       ,DEBIT ,                           148113307.000,                                    .000
PENJUALAN TUNAI                                                                                                                                                                                                                                                ,112.2               ,Persediaan Barang PPJ                                                                                                                                                                                                                                                                                                                                                                                                                                                                                                                                                                                                                                                                                                                                                                                                                                                                                                                                                                                                                                                                                                                                                                                                                                                                                                                                                                                                                                                                                                                                                                                                                                                                                                                                                                                                                                                                                                                                                                                                                                                           ,KREDIT,                                    .000,                           137691847.560
PENJUALAN TUNAI                                                                                                                                                                                                                                                ,401.2               ,Penjualan                                                                                                                                                                                                                                                                                                                                                                                                                                                                                                                                                                                                                                                                                                                                                                                                                                                                                                                                                                                                                                                                                                                                                                                                                                                                                                                                                                                                                                                                                                                                                                                                                                                                                                                                                                                                                                                                                                                                                                                                                                                                       ,KREDIT,                                    .000,                           150294289.000
PENJUALAN TUNAI                                                                                                                                                                                                                                                ,405.3               ,Potongan Penjualan                                                                                                                                                                                                                                                                                                                                                                                                                                                                                                                                                                                                                                                                                                                                                                                                                                                                                                                                                                                                                                                                                                                                                                                                                                                                                                                                                                                                                                                                                                                                                                                                                                                                                                                                                                                                                                                                                                                                                                                                                                                              ,DEBIT ,                             2180982.000,                                    .000
PENJUALAN TUNAI                                                                                                                                                                                                                                                ,501.2               ,HPP PPJ                                                                                                                                                                                                                                                                                                                                                                                                                                                                                                                                                                                                                                                                                                                                                                                                                                                                                                                                                                                                                                                                                                                                                                                                                                                                                                                                                                                                                                                                                                                                                                                                                                                                                                                                                                                                                                                                                                                                                                                                                                                                         ,DEBIT ,                           137691847.560,                                    .000
PENUKARAN KUPON CUSTOMER (DEPOSIT)                                                                                                                                                                                                                             ,125.3               ,Piutang Kupon                                                                                                                                                                                                                                                                                                                                                                                                                                                                                                                                                                                                                                                                                                                                                                                                                                                                                                                                                                                                                                                                                                                                                                                                                                                                                                                                                                                                                                                                                                                                                                                                                                                                                                                                                                                                                                                                                                                                                                                                                                                                   ,DEBIT ,                             1140000.000,                                    .000
PENUKARAN KUPON CUSTOMER (DEPOSIT)                                                                                                                                                                                                                             ,250.5               ,Retur Penjualan                                                                                                                                                                                                                                                                                                                                                                                                                                                                                                                                                                                                                                                                                                                                                                                                                                                                                                                                                                                                                                                                                                                                                                                                                                                                                                                                                                                                                                                                                                                                                                                                                                                                                                                                                                                                                                                                                                                                                                                                                                                                 ,KREDIT,                                    .000,                             1140000.000
PENUKARAN KUPON CUSTOMER (TUNAI)                                                                                                                                                                                                                               ,110.2               ,Kas Tunai                                                                                                                                                                                                                                                                                                                                                                                                                                                                                                                                                                                                                                                                                                                                                                                                                                                                                                                                                                                                                                                                                                                                                                                                                                                                                                                                                                                                                                                                                                                                                                                                                                                                                                                                                                                                                                                                                                                                                                                                                                                                       ,KREDIT,                                    .000,                             4594500.000
PENUKARAN KUPON CUSTOMER (TUNAI)                                                                                                                                                                                                                               ,125.3               ,Piutang Kupon                                                                                                                                                                                                                                                                                                                                                                                                                                                                                                                                                                                                                                                                                                                                                                                                                                                                                                                                                                                                                                                                                                                                                                                                                                                                                                                                                                                                                                                                                                                                                                                                                                                                                                                                                                                                                                                                                                                                                                                                                                                                   ,DEBIT ,                             4594500.000,                                    .000
PENUKARAN KUPON SUPPLIER (DEPOSIT)                                                                                                                                                                                                                             ,125.3               ,Piutang Kupon                                                                                                                                                                                                                                                                                                                                                                                                                                                                                                                                                                                                                                                                                                                                                                                                                                                                                                                                                                                                                                                                                                                                                                                                                                                                                                                                                                                                                                                                                                                                                                                                                                                                                                                                                                                                                                                                                                                                                                                                                                                                   ,KREDIT,                                    .000,                             8482650.000
PENUKARAN KUPON SUPPLIER (DEPOSIT)                                                                                                                                                                                                                             ,153.1               ,Deposit Ke Supplier PPJ                                                                                                                                                                                                                                                                                                                                                                                                                                                                                                                                                                                                                                                                                                                                                                                                                                                                                                                                                                                                                                                                                                                                                                                                                                                                                                                                                                                                                                                                                                                                                                                                                                                                                                                                                                                                                                                                                                                                                                                                                                                         ,DEBIT ,                             8482650.000,                                    .000
PENUKARAN KUPON SUPPLIER (TUNAI)                                                                                                                                                                                                                               ,110.2               ,Kas Tunai                                                                                                                                                                                                                                                                                                                                                                                                                                                                                                                                                                                                                                                                                                                                                                                                                                                                                                                                                                                                                                                                                                                                                                                                                                                                                                                                                                                                                                                                                                                                                                                                                                                                                                                                                                                                                                                                                                                                                                                                                                                                       ,DEBIT ,                             3114500.000,                                    .000
PENUKARAN KUPON SUPPLIER (TUNAI)                                                                                                                                                                                                                               ,125.3               ,Piutang Kupon                                                                                                                                                                                                                                                                                                                                                                                                                                                                                                                                                                                                                                                                                                                                                                                                                                                                                                                                                                                                                                                                                                                                                                                                                                                                                                                                                                                                                                                                                                                                                                                                                                                                                                                                                                                                                                                                                                                                                                                                                                                                   ,KREDIT,                                    .000,                             3114500.000
RETUR CUSTOMER                                                                                                                                                                                                                                                 ,110.2               ,Kas Tunai                                                                                                                                                                                                                                                                                                                                                                                                                                                                                                                                                                                                                                                                                                                                                                                                                                                                                                                                                                                                                                                                                                                                                                                                                                                                                                                                                                                                                                                                                                                                                                                                                                                                                                                                                                                                                                                                                                                                                                                                                                                                       ,KREDIT,                                    .000,                            28564128.910
RETUR CUSTOMER                                                                                                                                                                                                                                                 ,112.2               ,Persediaan Barang PPJ                                                                                                                                                                                                                                                                                                                                                                                                                                                                                                                                                                                                                                                                                                                                                                                                                                                                                                                                                                                                                                                                                                                                                                                                                                                                                                                                                                                                                                                                                                                                                                                                                                                                                                                                                                                                                                                                                                                                                                                                                                                           ,DEBIT ,                          2619962458.254,                                    .000
RETUR CUSTOMER                                                                                                                                                                                                                                                 ,250.5               ,Retur Penjualan                                                                                                                                                                                                                                                                                                                                                                                                                                                                                                                                                                                                                                                                                                                                                                                                                                                                                                                                                                                                                                                                                                                                                                                                                                                                                                                                                                                                                                                                                                                                                                                                                                                                                                                                                                                                                                                                                                                                                                                                                                                                 ,KREDIT,                                    .000,                          2870726339.620
RETUR CUSTOMER                                                                                                                                                                                                                                                 ,280.1               ,PPN Keluaran PPJ                                                                                                                                                                                                                                                                                                                                                                                                                                                                                                                                                                                                                                                                                                                                                                                                                                                                                                                                                                                                                                                                                                                                                                                                                                                                                                                                                                                                                                                                                                                                                                                                                                                                                                                                                                                                                                                                                                                                                                                                                                                                ,DEBIT ,                           279328004.464,                                    .000
RETUR SUPPLIER                                                                                                                                                                                                                                                 ,112.2               ,Persediaan Barang PPJ                                                                                                                                                                                                                                                                                                                                                                                                                                                                                                                                                                                                                                                                                                                                                                                                                                                                                                                                                                                                                                                                                                                                                                                                                                                                                                                                                                                                                                                                                                                                                                                                                                                                                                                                                                                                                                                                                                                                                                                                                                                           ,KREDIT,                                    .000,                          8955283418.220
RETUR SUPPLIER                                                                                                                                                                                                                                                 ,152.1               ,PPN Masukan POS                                                                                                                                                                                                                                                                                                                                                                                                                                                                                                                                                                                                                                                                                                                                                                                                                                                                                                                                                                                                                                                                                                                                                                                                                                                                                                                                                                                                                                                                                                                                                                                                                                                                                                                                                                                                                                                                                                                                                                                                                                                                 ,KREDIT,                                    .000,                           874154660.956
RETUR SUPPLIER                                                                                                                                                                                                                                                 ,153.1               ,Deposit Ke Supplier PPJ                                                                                                                                                                                                                                                                                                                                                                                                                                                                                                                                                                                                                                                                                                                                                                                                                                                                                                                                                                                                                                                                                                                                                                                                                                                                                                                                                                                                                                                                                                                                                                                                                                                                                                                                                                                                                                                                                                                                                                                                                                                         ,DEBIT ,                          9815849075.141,                                    .000
RETUR SUPPLIER                                                                                                                                                                                                                                                 ,250.4               ,Hutang Usaha PPJ                                                                                                                                                                                                                                                                                                                                                                                                                                                                                                                                                                                                                                                                                                                                                                                                                                                                                                                                                                                                                                                                                                                                                                                                                                                                                                                                                                                                                                                                                                                                                                                                                                                                                                                                                                                                                                                                                                                                                                                                                                                                ,DEBIT ,                            13589004.035,                                    .000
STOK OPNAME                                                                                                                                                                                                                                                    ,112.2               ,Persediaan Barang PPJ                                                                                                                                                                                                                                                                                                                                                                                                                                                                                                                                                                                                                                                                                                                                                                                                                                                                                                                                                                                                                                                                                                                                                                                                                                                                                                                                                                                                                                                                                                                                                                                                                                                                                                                                                                                                                                                                                                                                                                                                                                                           ,MIXED ,                          5070809249.680,                         14469627509.780
STOK OPNAME                                                                                                                                                                                                                                                    ,302.1               ,Modal Opname Divisi 1                                                                                                                                                                                                                                                                                                                                                                                                                                                                                                                                                                                                                                                                                                                                                                                                                                                                                                                                                                                                                                                                                                                                                                                                                                                                                                                                                                                                                                                                                                                                                                                                                                                                                                                                                                                                                                                                                                                                                                                                                                                           ,KREDIT,                                    .000,                          5070809249.680
STOK OPNAME                                                                                                                                                                                                                                                    ,560.1               ,Biaya Opname PPJ                                                                                                                                                                                                                                                                                                                                                                                                                                                                                                                                                                                                                                                                                                                                                                                                                                                                                                                                                                                                                                                                                                                                                                                                                                                                                                                                                                                                                                                                                                                                                                                                                                                                                                                                                                                                                                                                                                                                                                                                                                                                ,DEBIT ,                         14469627509.780,                                    .000
